{"_wandb":{"runtime":483},"num_env_steps":50000,"qf2_values":-27.582454201698305,"_runtime":483.0548125,"std_eval_ep_rew":71.40412451467286,"critic_loss":36.83535382795334,"actor_loss":26.745380792617798,"std_step_rew":2.0490527153015137,"qf1_values":-27.58195185661316,"_timestamp":1.7828288070411081e+09,"avg_step_rew":-0.5876832604408264,"avg_eval_ep_rew":-153.58717856407165,"_step":50000}