{"total_num_episodes":2500,"_step":2500,"std_eval_ep_rew":0.8,"loss":3.3994402170181273,"_wandb":{"runtime":91},"avg_eval_ep_rew":9.4,"_runtime":91.8847917,"avg_episode_len":9.2,"iter_num_episodes":10,"_timestamp":1.7818144004696717e+09,"avg_episode_rew":9.2}