{"qf2_values":-30.41271608543396,"_runtime":524.3033633,"qf1_values":-30.413355768203736,"actor_loss":29.83721603012085,"_timestamp":1.782829368759249e+09,"alpha_loss":-0.058659315979108215,"num_env_steps":50000,"std_step_rew":2.3830862045288086,"avg_step_rew":-0.8186420798301697,"critic_loss":27.470521248102187,"_step":50000,"avg_eval_ep_rew":-155.11137742996215,"std_eval_ep_rew":88.3790986571555,"alpha":0.04622869012132287,"_wandb":{"runtime":524}}