{"qf1_values":-23.111694608688353,"_step":50000,"_wandb":{"runtime":473},"_timestamp":1.7826466177261257e+09,"num_env_steps":50000,"critic_loss":17.936395736455918,"alpha":0.01750960017554462,"actor_loss":22.770126088142394,"avg_eval_ep_rew":-111.76992671340705,"std_step_rew":2.0056934356689453,"std_eval_ep_rew":67.42501181341184,"_runtime":473.1885676,"alpha_loss":0.013054502720013262,"qf2_values":-23.111596606254576,"avg_step_rew":-0.49736520648002625}